Genotype,A,B,C,D,E,F,G,H,I,J,K
1,55.4296875,65.984375,27.2265625,60.6328125,6.395332031,9.298984375,7.652664063,18.40554688,84.00426237,44.90400722,50.70649262
2,27.9765625,97.59375,8.9609375,47.1328125,3.318691406,7.776134766,3.9490625,12.42853516,28.66634646,19.01210012,35.97066388
3,41.171875,44.515625,16.671875,24.015625,5.330625,5.429882813,5.448828125,7.938710938,92.48859249,69.4209499,80.63266284
4,61.140625,82.59375,33.140625,62.1328125,6.428503906,9.397421875,10.53234375,20.47637031,74.02572834,53.33836288,56.77500717
5,65.28125,77.7265625,37.28125,54.7265625,6.610390625,8.047894531,11.584375,14.72533594,83.98834054,68.12276945,79.895409
6,46.1875,50.3125,22.3125,23.6875,5.405761719,5.340046875,7.716546875,8.041210938,91.80124224,94.19525066,98.06483649
7,41.6875,86.703125,16.453125,63.703125,4.669726563,9.624835938,6.059828125,18.05164063,48.08073527,25.82781457,38.7677769
8,24.734375,33.125,5.6875,14.125,3.936367188,5.234277344,2.2234375,3.671054688,74.66981132,40.26548673,69.16984865
9,24.453125,60.265625,7.28125,37.265625,3.965195313,6.835285156,2.255078125,12.91015625,40.57557687,19.53878407,31.50232659
10,23.390625,60.9375,4.8125,37.9375,4.796992188,6.596816406,2.4421875,10.71265625,38.38461538,12.68533773,41.82206952
11,30.53125,95.625,9.203125,72.625,4.265859375,9.401753906,3.438867188,20.70171875,31.92810458,12.67211704,25.5941454
12,21.359375,71.0625,3.515625,48.0625,3.901328125,7.645882813,1.7578125,14.09742188,30.05716799,7.314694408,26.02704927
13,43.078125,101,18.140625,78,5.447226563,10.32234375,5.627103125,19.2669625,42.65160891,23.25721154,37.42679735
14,54.921875,72.09375,29.203125,49.09375,6.21428125,8.352417969,8.8155625,8.664765625,76.18118769,59.48440484,88.32157018
15,42.640625,84.71875,16.796875,63.71875,5.552460938,8.556210938,5.686,16.929375,50.33198082,26.36096126,44.09732217
16,34.21875,63.40625,11.5,40.40625,4.428710938,7.201460938,3.52921875,11.39609375,53.96747166,28.46094354,42.79019377
17,57.265625,74.6875,31.265625,51.6875,6.311109375,8.159914063,9.662278125,11.73695313,76.67364017,60.48972189,80.28091734
18,19.625,40.359375,1.28125,18.859375,2.576367188,4.998535156,0.5859375,5.715429688,48.62562911,6.793703397,29.51572768
19,31.03125,41.5,7.71875,20.5,4.120664063,5.11234375,3.221523438,7.074023438,74.77409639,37.65243902,60.24918983
20,31.015625,46.1875,8.90625,24.1875,3.776328125,5.654453125,3.608984375,8.294296875,67.15155616,36.82170543,52.94605251
21,53.390625,62.953125,26.09375,40.953125,6.451875,7.169492188,8.31953125,12.555775,84.81012658,63.71613888,74.88570933
22,71.96875,87.375,43.96875,65.125,7.033765625,10.45832031,13.25550781,19.7258125,82.3676681,67.51439539,67.21834138
23,57.75,68.078125,29.75,65.859375,6.170625,9.187882813,8.979546875,17.40370938,84.82901079,45.17200474,56.97354174
24,37.90625,56,14.1875,33,4.784570313,6.113660156,3.802382813,10.95675781,67.68973214,42.99242424,50.3031217
25,23.609375,46.96875,4.671875,24.96875,4.360351563,5.599347656,2.591796875,8.3528125,50.2661344,18.71088861,49.82847358
26,48.421875,70.421875,22.6875,47.421875,6.898300781,8.2859375,6.68125,13.74101563,68.75970712,47.84184514,61.64970118
27,38.640625,83.6328125,14.953125,42.984375,4.885273438,6.937949219,4.129101563,12.12871094,46.20270901,34.78735005,47.2782067
28,48.890625,65.828125,22.53125,42.828125,6.193046875,7.285132813,6.5709375,11.6756875,74.27011631,52.60853703,67.31768017
29,33.390625,54.703125,10.15625,31.703125,4.123476563,6.255859375,3.226054688,10.48722656,61.03970294,32.03548546,43.89591786
30,37.84375,87.859375,14.390625,45.078125,4.455019531,7.869460938,4.534453125,10.93898438,43.07309266,31.9237435,47.79487356
31,28.578125,49.25,6.890625,26.75,4.02015625,5.94796875,2.705078125,9.814140625,58.02664975,25.75934579,42.66709623
32,63.625,81.40625,35.625,58.90625,6.47734375,8.530507813,10.85,15.13921875,78.15738964,60.47745358,73.20466379
33,30.109375,83.046875,7.9375,61.546875,4.1409375,9.248828125,4.19921875,17.86884375,36.25587959,12.89667428,30.75542874
34,18.796875,102.375,0.84375,50.125,2.527929688,8.679980469,0.509765625,12.36908594,18.36080586,1.683291771,14.43149665
35,43.828125,52.3125,17.828125,29.3125,5.807226563,6.32234375,5.87421875,11.064375,83.78136201,60.82089552,67.18602561
36,52.1875,67.03125,25.1875,44.03125,6.611191406,7.680890625,7.920226563,11.02542969,77.85547786,57.20369056,77.6818622
37,43.296875,65.765625,17.296875,42.765625,4.7303125,7.393546875,6.135414063,10.77845313,65.83511523,40.44574351,59.79378474
38,19.453125,42.4375,1.390625,20.9375,2.431640625,5.445679688,0.794921875,6.996835938,45.83946981,6.641791045,25.93175365
39,38.59375,47.890625,15.671875,25.390625,4.8178125,5.466554688,5.352109375,8.806601563,80.58727569,61.72307692,71.25208816
40,67,74.96875,39,52.46875,6.862761719,8.453703125,12.86971875,13.23053125,89.37057107,74.32995831,90.99920305
